Node,RX,Origem,Status,Latitude,Longitude
AREAA,,PELOTAS,,-31.754303138064,-52.30551103383245
AREAB,,PELOTAS,,-31.75567699864111,-52.31227679838958
AREAC,,PELOTAS,,-31.75696302418882,-52.32051962920276
AREADA,,PELOTAS,,-31.75385447186519,-52.32883713928877
AREADB,,PELOTAS,,-31.75141500436469,-52.32313298894682
AREAE,,PELOTAS,,-31.74981969102995,-52.29576300946516
AREAFA,,PELOTAS,,-31.74817434291919,-52.3259372832286
AREAFB,,PELOTAS,,-31.74218953391956,-52.32803715092927
AREAG,,PELOTAS,,-31.75128062570011,-52.31002916270218
AREAH,,PELOTAS,,-31.76588243648363,-52.30528471475231
AREAI,,PELOTAS,,-31.75831276266377,-52.30431606958123
AREAJ,,PELOTAS,,-31.76588243648363,-52.30528471475231
AREBA,,PELOTAS,,-31.73997213313558,-52.29226659201328
CNTAAA,,PELOTAS,,-31.77651081901447,-52.34559266378685
CNTAAB,,PELOTAS,,-31.77341760087528,-52.34976124222024
CNTABA,,PELOTAS,,-31.77957006352856,-52.34292291218917
CNTABB,,PELOTAS,,-31.7760432435557,-52.34031639312926
CNTAC,,PELOTAS,,-31.76891972735902,-52.34867646950183
CNTADA,,PELOTAS,,-31.77988927154207,-52.33659118733333
CNTADB,,PELOTAS,,-31.7798938830771,-52.33098358773694
CNTAE,,PELOTAS,,-31.77315603338667,-52.33734041637042
CNTAF,,PELOTAS,,-31.76895801181058,-52.33981296584986
CNTAGA,,PELOTAS,,-31.76381869486667,-52.34295769996183
CNTAGB,,PELOTAS,,-31.76356502685973,-52.34682834202118
CNTAH,,PELOTAS,,-31.76813127674703,-52.33435248583222
CNTAIA,,PELOTAS,,-31.76322435784973,-52.33860055668627
CNTAIB,,PELOTAS,,-31.76402415782437,-52.33373392142991
CNTAJA,,PELOTAS,,-31.75955286787477,-52.34116614806054
CNTAJB,,PELOTAS,,-31.76084027957578,-52.34824827925366
CNTAKA,,PELOTAS,,-31.75500878141847,-52.33663469313404
CNTAKB,,PELOTAS,,-31.75947265148107,-52.33506232462367
CNTAL,,PELOTAS,,-31.75218656646321,-52.34079598833152
CNTAMA,,PELOTAS,,-31.77450452330794,-52.35444451642997
CNTAMB,,PELOTAS,,-31.76926289566352,-52.3544842857939
CRZAAA,,PELOTAS,,-31.75950453616144,-52.32836872451373
CRZAAB,,PELOTAS,,-31.76264186571311,-52.32442250327805
CRZAB,,PELOTAS,,-31.76264186571311,-52.32442250327805
FGTAA,,PELOTAS,,-31.76420438416102,-52.35927045217446
FGTAB,,PELOTAS,,-31.76860684157664,-52.36017671951943
FGTAC,,PELOTAS,,-31.76182185450289,-52.36483800949935
FGTAD,,PELOTAS,,-31.7617924386187,-52.36818625620093
FGTAE,,PELOTAS,,-31.76108146892904,-52.37228072627877
FGTAFA,,PELOTAS,,-31.74766016311195,-52.3786298854551
FGTAFB,,PELOTAS,,-31.74319775509832,-52.38002053567261
FGTAGA,,PELOTAS,,-31.75278422441198,-52.37360659914822
FGTAGB,,PELOTAS,,-31.75099778942775,-52.36776318987566
FGTAH,,PELOTAS,,-31.74547395457079,-52.36971940078032
FGTAIA,,PELOTAS,,-31.74115585837975,-52.38695726378198
FGTAIB,,PELOTAS,,-31.74220427913295,-52.39421443152671
FGTAJA,,PELOTAS,,-31.74774352752902,-52.3950047461047
FGTAJB,,PELOTAS,,-31.74658917076211,-52.39084922012674
FGTAKA,,PELOTAS,,-31.75309437993128,-52.3885470315743
FGTAKB,,PELOTAS,,-31.75712245215882,-52.39685649902903
FGTAL,,PELOTAS,,-31.76011741160835,-52.37973842070838
FGTAMA,,PELOTAS,,-31.75574236474426,-52.37785227242011
FGTAMB,,PELOTAS,,-31.7545010567647,-52.3808533562944
FGTAN,,PELOTAS,,-31.75752412928167,-52.36758995352228
PLRAA,,PELOTAS,,-31.75389422918115,-52.23535570028508
PLRAB,,PELOTAS,,-31.7620631754145,-52.23987452341127
PLRAC,,PELOTAS,,-31.77137181769632,-52.23375274109194
PLRAD,,PELOTAS,,-31.7620346093149,-52.2309829476532
RECAA,,PELOTAS,,-31.75888989482551,-52.26640542465213
RECAB,,PELOTAS,,-31.75030480953993,-52.24419388921116
RECAC,,PELOTAS,,-31.75361299985234,-52.25313866402849
STRAA,,PELOTAS,,-31.71367267238892,-52.35121592417883
STRAB,,PELOTAS,,-31.70709265893487,-52.35124906121958
STRACA,,PELOTAS,,-31.72200795287436,-52.35219230541281
STRACB,,PELOTAS,,-31.72711308248649,-52.35377555612075
STRAD,,PELOTAS,,-31.71898273490999,-52.34895268987297
STRAE,,PELOTAS,,-31.73136083136735,-52.35574619997151
STRAF,,PELOTAS,,-31.70058599318607,-52.35407864741691
STRAG,,PELOTAS,,-31.71253895445682,-52.34425781197982
STRAH,,PELOTAS,,-31.73023833226048,-52.35656051938309
STRAI,,PELOTAS,,-31.72711308248649,-52.35377555612075
TRVAA,,PELOTAS,,-31.72118860230867,-52.30431014649639
TRVAB,,PELOTAS,,-31.72816489640056,-52.33046309490516
TRVACA,,PELOTAS,,-31.74256146631454,-52.34674827128516
TRVACB,,PELOTAS,,-31.74726484493986,-52.34642574992301
TRVAD,,PELOTAS,,-31.74414201524197,-52.3368582855127
TRVAE,,PELOTAS,,-31.74258015551059,-52.33355230685809
TRVAF,,PELOTAS,,-31.73072799078061,-52.3449057602508
TRVAG,,PELOTAS,,-31.73496642294651,-52.32256310384977
TRVAH,,PELOTAS,,-31.73139285850043,-52.31924839846137
TRVAIA,,PELOTAS,,-31.73708182228719,-52.32734147507837
TVRAIB,,PELOTAS,,-31.73214496799537,-52.33274920358533
